{
  "@module": "pymatgen.core.structure",
  "@class": "Structure",
  "charge": 0,
  "lattice": {
    "matrix": [
      [
        4.13622277,
        1e-08,
        0.0
      ],
      [
        -2.06811087,
        3.5820737400000002,
        -0.0
      ],
      [
        -0.0,
        0.0,
        5.9225931
      ]
    ],
    "pbc": [
      true,
      true,
      true
    ],
    "a": 4.13622277,
    "b": 4.136222292069147,
    "c": 5.9225931,
    "alpha": 90.0,
    "beta": 90.0,
    "gamma": 119.99999544626561,
    "volume": 87.75064955910706
  },
  "properties": {},
  "sites": [
    {
      "species": [
        {
          "element": "La",
          "occu": 1
        }
      ],
      "abc": [
        0.333333,
        0.666667,
        0.9975476600000001
      ],
      "properties": {
        "magmom": 0.0
      },
      "label": "La",
      "xyz": [
        -1.724777880074413e-06,
        2.38805035735791,
        5.908068888037147
      ]
    },
    {
      "species": [
        {
          "element": "La",
          "occu": 1
        }
      ],
      "abc": [
        0.666667,
        0.333333,
        0.49754766
      ],
      "properties": {
        "magmom": 0.0
      },
      "label": "La",
      "xyz": [
        2.06811362477788,
        1.1940233926420902,
        2.946772338037146
      ]
    },
    {
      "species": [
        {
          "element": "N",
          "occu": 1
        }
      ],
      "abc": [
        0.333333,
        0.666667,
        0.41245234000000003
      ],
      "properties": {
        "magmom": 0.0
      },
      "label": "N",
      "xyz": [
        -1.724777880074413e-06,
        2.38805035735791,
        2.4427873829628544
      ]
    },
    {
      "species": [
        {
          "element": "N",
          "occu": 1
        }
      ],
      "abc": [
        0.666667,
        0.333333,
        0.91245234
      ],
      "properties": {
        "magmom": 0.0
      },
      "label": "N",
      "xyz": [
        2.06811362477788,
        1.1940233926420902,
        5.4040839329628545
      ]
    }
  ]
}