{
  "@module": "pymatgen.core.structure",
  "@class": "Structure",
  "charge": 0,
  "lattice": {
    "matrix": [
      [
        -0.0,
        3.94739073,
        3.94739073
      ],
      [
        3.94739073,
        -0.0,
        3.94739073
      ],
      [
        3.94739073,
        3.94739073,
        0.0
      ]
    ],
    "pbc": [
      true,
      true,
      true
    ],
    "a": 5.582453506351832,
    "b": 5.582453506351832,
    "c": 5.582453506351832,
    "alpha": 59.99999999999999,
    "beta": 59.99999999999999,
    "gamma": 59.99999999999999,
    "volume": 123.01564450989207
  },
  "properties": {},
  "sites": [
    {
      "species": [
        {
          "element": "Eu",
          "occu": 1
        }
      ],
      "abc": [
        0.25,
        0.25,
        0.25
      ],
      "properties": {
        "magmom": 6.793
      },
      "label": "Eu",
      "xyz": [
        1.973695365,
        1.973695365,
        1.973695365
      ]
    },
    {
      "species": [
        {
          "element": "Eu",
          "occu": 1
        }
      ],
      "abc": [
        0.75,
        0.75,
        0.75
      ],
      "properties": {
        "magmom": 6.793
      },
      "label": "Eu",
      "xyz": [
        5.921086095,
        5.921086095,
        5.921086095
      ]
    },
    {
      "species": [
        {
          "element": "Tl",
          "occu": 1
        }
      ],
      "abc": [
        -0.0,
        0.0,
        0.0
      ],
      "properties": {
        "magmom": 0.029
      },
      "label": "Tl",
      "xyz": [
        0.0,
        0.0,
        0.0
      ]
    },
    {
      "species": [
        {
          "element": "Cd",
          "occu": 1
        }
      ],
      "abc": [
        0.5,
        0.5,
        0.5
      ],
      "properties": {
        "magmom": -0.007
      },
      "label": "Cd",
      "xyz": [
        3.94739073,
        3.94739073,
        3.94739073
      ]
    }
  ]
}