{
  "@module": "pymatgen.core.structure",
  "@class": "Structure",
  "charge": 0,
  "lattice": {
    "matrix": [
      [
        1.78443946,
        -3.04158309,
        0.01898247
      ],
      [
        1.78900461,
        3.04429531,
        -0.016412180000000002
      ],
      [
        0.00448202,
        -0.036156350000000004,
        6.1142148
      ]
    ],
    "pbc": [
      true,
      true,
      true
    ],
    "a": 3.52644469883569,
    "b": 3.5310820988390517,
    "c": 6.1143233469197265,
    "alpha": 90.5371343847391,
    "beta": 89.37809592558135,
    "gamma": 119.16052128400675,
    "volume": 66.48222417419808
  },
  "properties": {},
  "sites": [
    {
      "species": [
        {
          "element": "Fe",
          "occu": 1
        }
      ],
      "abc": [
        5.21e-06,
        4.89e-06,
        5.1e-07
      ],
      "properties": {
        "magmom": 3.6
      },
      "label": "Fe",
      "xyz": [
        1.80474479597e-05,
        -9.78483571500002e-07,
        3.1368926564999998e-06
      ]
    },
    {
      "species": [
        {
          "element": "Cl",
          "occu": 1
        }
      ],
      "abc": [
        0.66541816,
        0.33429968,
        0.77366112
      ],
      "properties": {
        "magmom": 0.128
      },
      "label": "Cl",
      "xyz": [
        1.7889296553591807,
        -1.0341904375125255,
        4.737474963826129
      ]
    },
    {
      "species": [
        {
          "element": "Cl",
          "occu": 1
        }
      ],
      "abc": [
        0.33457663,
        0.66569543,
        0.22633938
      ],
      "properties": {
        "magmom": 0.128
      },
      "label": "Cl",
      "xyz": [
        1.7889783917196995,
        1.0007472494781833,
        1.379313164638163
      ]
    }
  ]
}